customerID,gender,SeniorCitizen,tenure,PhoneService,InternetService,MonthlyCharges,TotalCharges,Churn
CUST00001,Female,0,22,Yes,DSL,71.24,1696.95,No
CUST00002,Male,0,59,No,Fiber optic,45.44,2793.37,No
CUST00003,Male,0,69,No,Fiber optic,23.9,2083.93,No
CUST00004,Female,0,9,No,DSL,98.0,847.82,Yes
CUST00005,Female,0,1,Yes,Fiber optic,76.52,85.32,Yes
CUST00006,Female,0,46,No,Fiber optic,57.72,2699.17,No
CUST00007,Female,1,12,No,Fiber optic,42.83,455.79,Yes
CUST00008,Male,0,63,No,DSL,73.34,4515.25,No
CUST00009,Female,0,23,Yes,Fiber optic,78.24,2012.96,Yes
CUST00010,Female,0,49,No,DSL,45.54,2414.48,No
CUST00011,Male,0,2,Yes,Fiber optic,100.28,204.07,No
CUST00012,Male,0,10,Yes,Fiber optic,65.0,661.2,No
CUST00013,Female,0,3,Yes,No,82.98,272.39,No
CUST00014,Male,0,10,Yes,DSL,109.88,1009.23,Yes
CUST00015,Female,0,5,No,DSL,60.28,325.59,No
CUST00016,Male,0,0,No,DSL,93.48,,No
CUST00017,Female,0,8,Yes,DSL,66.7,534.32,No
CUST00018,Female,1,34,Yes,DSL,83.73,2798.13,Yes
CUST00019,Female,0,48,Yes,DSL,81.46,4041.78,No
CUST00020,Female,0,2,Yes,DSL,77.39,166.26,Yes
CUST00021,Female,0,64,No,Fiber optic,30.66,1356.22,No
CUST00022,Female,0,12,Yes,DSL,62.71,794.25,No
CUST00023,Male,0,64,Yes,Fiber optic,79.96,4517.66,Yes
CUST00024,Female,1,12,Yes,Fiber optic,49.2,698.94,Yes
CUST00025,Male,0,12,Yes,DSL,93.5,1102.47,No
CUST00026,Male,0,26,No,Fiber optic,42.6,1167.18,Yes
CUST00027,Male,1,7,Yes,DSL,106.3,773.99,Yes
CUST00028,Male,0,56,Yes,DSL,95.57,5236.04,No
CUST00029,Male,0,61,No,Fiber optic,69.93,4516.61,Yes
CUST00030,Male,0,2,Yes,No,87.5,173.35,Yes
CUST00031,Male,0,65,Yes,DSL,91.91,6375.54,No
CUST00032,Male,0,64,Yes,Fiber optic,29.3,2196.28,Yes
CUST00033,Male,0,8,Yes,No,61.17,421.07,No
CUST00034,Female,0,46,Yes,No,55.06,2399.29,No
CUST00035,Male,1,65,Yes,DSL,86.55,5651.75,No
CUST00036,Female,0,21,No,DSL,62.48,1153.08,No
CUST00037,Female,0,51,Yes,Fiber optic,93.68,4519.84,No
CUST00038,Female,0,53,No,Fiber optic,52.38,2784.47,No
CUST00039,Female,0,44,No,DSL,37.2,1439.09,No
CUST00040,Male,1,6,No,DSL,90.72,579.58,Yes
CUST00041,Female,1,9,Yes,DSL,85.11,785.84,Yes
CUST00042,Male,0,55,Yes,Fiber optic,63.44,3727.97,No
CUST00043,Male,0,42,Yes,Fiber optic,77.89,3320.52,Yes
CUST00044,Female,0,70,Yes,DSL,71.58,4613.44,No
CUST00045,Female,0,43,Yes,Fiber optic,42.62,1683.43,No
CUST00046,Male,0,8,No,DSL,71.12,539.6,Yes
CUST00047,Female,1,14,Yes,DSL,21.83,378.28,Yes
CUST00048,Female,0,66,Yes,DSL,44.5,2792.29,No
CUST00049,Male,1,55,No,Fiber optic,58.88,3204.33,No
CUST00050,Female,0,14,No,DSL,86.71,1337.71,No
CUST00051,Female,0,32,Yes,No,50.97,1665.2,No
CUST00052,Female,0,11,Yes,No,66.09,,No
CUST00053,Male,0,7,Yes,No,67.46,424.83,No
CUST00054,Female,0,62,No,No,88.62,5539.53,No
CUST00055,Male,0,59,Yes,Fiber optic,38.6,2356.19,No
CUST00056,Male,0,51,No,DSL,90.49,4436.21,No
CUST00057,Female,0,9,Yes,Fiber optic,77.86,765.31,No
CUST00058,Female,1,7,No,No,75.57,488.38,No
CUST00059,Male,0,8,Yes,DSL,99.96,814.18,No
CUST00060,Male,0,51,Yes,DSL,69.25,3877.55,No
CUST00061,Male,1,26,No,Fiber optic,71.14,1923.69,Yes
CUST00062,Female,0,12,No,Fiber optic,78.7,931.39,Yes
CUST00063,Female,0,49,No,No,95.34,4253.85,No
CUST00064,Female,0,36,No,Fiber optic,22.37,593.41,No
CUST00065,Male,1,31,No,Fiber optic,21.72,856.99,Yes
CUST00066,Male,0,8,No,No,104.87,855.03,No
CUST00067,Female,0,35,No,No,71.12,2289.68,No
CUST00068,Male,0,16,No,DSL,36.94,598.42,No
CUST00069,Male,0,12,Yes,Fiber optic,96.98,1125.87,No
CUST00070,Male,0,3,No,Fiber optic,98.6,300.77,Yes
CUST00071,Male,0,66,Yes,DSL,88.57,5699.77,No
CUST00072,Male,0,12,Yes,No,44.82,496.56,No
CUST00073,Female,0,2,Yes,Fiber optic,98.14,207.75,No
CUST00074,Male,1,24,No,Fiber optic,94.48,,No
CUST00075,Male,0,1,No,Fiber optic,82.07,76.29,Yes
CUST00076,Male,0,23,No,DSL,39.1,1096.21,No
CUST00077,Female,1,0,No,No,90.85,,No
CUST00078,Male,0,17,No,DSL,20.88,232.11,No
CUST00079,Male,1,16,Yes,Fiber optic,60.56,923.36,Yes
CUST00080,Male,0,50,Yes,DSL,79.68,4347.52,No
CUST00081,Female,0,11,No,Fiber optic,60.57,762.93,No
CUST00082,Male,0,37,No,DSL,78.09,2964.44,No
CUST00083,Female,0,7,Yes,DSL,96.71,682.26,Yes
CUST00084,Female,0,28,No,Fiber optic,55.82,1403.23,No
CUST00085,Male,0,62,No,DSL,23.34,1651.42,No
CUST00086,Female,0,34,No,No,58.16,1856.05,No
CUST00087,Female,1,9,Yes,DSL,79.57,660.26,Yes
CUST00088,Male,1,14,Yes,Fiber optic,41.17,527.3,No
CUST00089,Female,0,44,No,Fiber optic,29.03,1217.29,No
CUST00090,Male,0,31,No,DSL,99.64,2858.7,No
CUST00091,Female,0,55,Yes,Fiber optic,91.75,4777.59,No
CUST00092,Male,1,36,Yes,DSL,94.18,3369.9,No
CUST00093,Male,0,11,Yes,DSL,68.15,678.76,No
CUST00094,Female,0,30,No,Fiber optic,20.88,478.24,No
CUST00095,Male,0,11,Yes,No,65.44,827.74,No
CUST00096,Female,0,10,No,DSL,71.25,628.73,Yes
CUST00097,Male,0,7,Yes,Fiber optic,60.59,460.6,No
CUST00098,Female,0,10,Yes,Fiber optic,88.22,973.4,Yes
CUST00099,Male,0,56,Yes,Fiber optic,68.14,3309.97,No
CUST00100,Female,0,24,No,No,47.73,1196.01,No
CUST00101,Male,1,49,No,Fiber optic,87.18,3898.69,Yes
CUST00102,Female,0,2,No,DSL,96.04,175.32,Yes
CUST00103,Male,0,13,Yes,DSL,67.05,979.37,No
CUST00104,Male,0,69,Yes,No,39.91,3208.41,No
CUST00105,Female,1,32,Yes,No,38.76,971.44,No
CUST00106,Male,1,54,No,DSL,77.14,,No
CUST00107,Male,1,27,No,Fiber optic,22.51,682.54,No
CUST00108,Male,0,13,No,No,80.77,1037.47,No
CUST00109,Female,0,71,Yes,No,62.15,4220.78,No
CUST00110,Male,0,1,No,DSL,83.88,80.49,Yes
CUST00111,Female,1,24,Yes,DSL,35.26,968.56,No
CUST00112,Male,0,39,No,Fiber optic,46.37,1865.52,No
CUST00113,Female,0,6,No,DSL,102.91,625.62,No
CUST00114,Female,0,11,Yes,No,71.42,888.54,Yes
CUST00115,Male,1,2,Yes,DSL,75.81,171.25,No
CUST00116,Male,0,22,No,No,42.67,902.6,No
CUST00117,Male,0,61,Yes,DSL,23.27,1473.21,No
CUST00118,Male,0,31,Yes,Fiber optic,74.27,2543.68,No
CUST00119,Male,0,10,No,Fiber optic,107.94,,No
CUST00120,Female,0,53,Yes,DSL,75.39,4045.44,No
CUST00121,Female,0,72,Yes,DSL,24.92,2350.78,No
CUST00122,Female,0,70,No,No,72.99,4958.7,No
CUST00123,Female,1,47,Yes,Fiber optic,27.68,,Yes
CUST00124,Female,0,7,Yes,Fiber optic,63.04,375.35,No
CUST00125,Female,1,50,Yes,Fiber optic,41.25,2381.85,No
CUST00126,Female,0,68,No,Fiber optic,40.23,3331.23,No
CUST00127,Female,0,25,No,Fiber optic,49.7,1343.72,Yes
CUST00128,Female,0,42,Yes,Fiber optic,42.65,1607.68,No
CUST00129,Male,1,61,Yes,DSL,88.74,5487.25,Yes
CUST00130,Male,0,10,No,Fiber optic,96.0,949.12,Yes
CUST00131,Male,0,5,Yes,Fiber optic,62.03,293.0,No
CUST00132,Female,0,4,Yes,No,93.22,338.85,Yes
CUST00133,Female,0,1,No,Fiber optic,64.1,72.07,No
CUST00134,Male,0,13,No,Fiber optic,36.65,501.97,No
CUST00135,Male,1,9,Yes,Fiber optic,62.22,619.81,No
CUST00136,Female,1,53,Yes,DSL,54.71,3244.24,No
CUST00137,Male,0,9,No,Fiber optic,81.12,726.65,No
CUST00138,Male,0,17,Yes,No,89.76,1459.93,No
CUST00139,Female,0,3,No,DSL,63.43,203.03,No
CUST00140,Female,0,0,No,DSL,100.32,,No
CUST00141,Female,1,6,Yes,Fiber optic,82.23,440.2,Yes
CUST00142,Female,0,16,No,Fiber optic,56.67,802.8,Yes
CUST00143,Male,0,71,No,Fiber optic,50.24,3630.23,No
CUST00144,Male,0,71,No,No,92.23,,No
CUST00145,Male,0,54,Yes,DSL,48.01,,No
CUST00146,Female,1,51,Yes,No,79.64,3866.48,No
CUST00147,Male,0,21,No,DSL,74.22,1639.76,No
CUST00148,Male,0,5,No,DSL,81.8,439.71,No
CUST00149,Male,0,4,Yes,No,89.72,346.35,Yes
CUST00150,Male,0,40,Yes,DSL,74.51,3105.67,No
CUST00151,Female,0,60,No,No,37.53,2407.89,No
CUST00152,Male,0,21,No,DSL,92.92,2066.25,No
CUST00153,Male,1,17,Yes,DSL,83.58,1276.34,No
CUST00154,Female,1,34,Yes,DSL,59.3,2013.99,No
CUST00155,Female,0,7,Yes,Fiber optic,88.43,598.59,No
CUST00156,Female,0,3,Yes,DSL,64.26,196.71,No
CUST00157,Male,0,2,No,DSL,72.14,157.78,Yes
CUST00158,Female,1,10,No,Fiber optic,80.1,809.66,Yes
CUST00159,Male,0,34,Yes,DSL,30.9,1216.37,No
CUST00160,Male,0,42,Yes,DSL,59.29,2833.09,No
CUST00161,Female,0,3,Yes,No,62.66,175.99,No
CUST00162,Male,0,55,Yes,Fiber optic,77.29,3979.12,No
CUST00163,Female,1,30,Yes,No,55.03,1886.7,No
CUST00164,Male,0,2,Yes,DSL,69.05,121.57,No
CUST00165,Male,0,61,No,Fiber optic,91.42,5364.44,Yes
CUST00166,Female,1,71,No,Fiber optic,71.38,5574.62,Yes
CUST00167,Female,0,66,No,DSL,83.35,5148.56,No
CUST00168,Male,0,17,Yes,Fiber optic,95.87,1687.8,Yes
CUST00169,Male,0,10,Yes,DSL,106.86,1008.1,No
CUST00170,Female,0,46,Yes,No,51.93,2567.81,No
CUST00171,Female,1,63,No,Fiber optic,65.5,,No
CUST00172,Male,0,60,No,No,97.74,6200.17,No
CUST00173,Female,1,1,Yes,DSL,62.66,70.0,No
CUST00174,Male,0,11,Yes,DSL,95.4,1062.93,No
CUST00175,Male,0,46,No,No,20.96,656.06,No
CUST00176,Male,1,17,No,DSL,32.47,559.61,Yes
CUST00177,Male,1,3,Yes,Fiber optic,97.0,288.58,No
CUST00178,Male,1,5,No,DSL,82.49,420.61,Yes
CUST00179,Male,0,10,No,Fiber optic,80.0,717.45,Yes
CUST00180,Male,0,20,No,DSL,60.96,1404.82,No
CUST00181,Male,0,8,No,Fiber optic,91.18,723.98,Yes
CUST00182,Male,0,19,No,DSL,55.82,1140.56,No
CUST00183,Female,0,4,No,No,103.04,444.78,No
CUST00184,Female,0,7,No,No,63.17,382.87,No
CUST00185,Male,0,49,Yes,DSL,46.0,2673.96,No
CUST00186,Female,1,3,No,DSL,101.09,324.53,Yes
CUST00187,Male,0,65,Yes,DSL,56.11,4270.37,No
CUST00188,Male,0,9,Yes,DSL,79.37,714.05,No
CUST00189,Female,0,25,Yes,Fiber optic,34.99,1038.69,No
CUST00190,Male,0,11,No,Fiber optic,100.47,1063.95,Yes
CUST00191,Female,1,18,Yes,DSL,57.87,870.38,Yes
CUST00192,Female,0,6,Yes,DSL,72.77,378.37,Yes
CUST00193,Male,0,8,No,DSL,93.57,697.63,Yes
CUST00194,Female,0,9,Yes,Fiber optic,64.36,625.41,No
CUST00195,Male,0,63,No,DSL,52.72,3718.21,No
CUST00196,Female,0,39,No,Fiber optic,34.92,1314.39,No
CUST00197,Female,0,8,Yes,Fiber optic,102.52,872.36,Yes
CUST00198,Female,0,56,Yes,Fiber optic,98.78,5724.94,No
CUST00199,Female,0,12,No,Fiber optic,40.92,545.52,No
CUST00200,Male,0,28,Yes,DSL,70.61,1964.81,No
CUST00201,Female,0,5,Yes,DSL,108.91,503.77,Yes
CUST00202,Male,0,4,No,DSL,80.49,300.88,Yes
CUST00203,Female,0,55,Yes,No,35.42,1625.86,No
CUST00204,Male,0,6,Yes,Fiber optic,87.85,564.07,Yes
CUST00205,Male,0,46,Yes,Fiber optic,41.91,1537.38,No
CUST00206,Male,0,28,No,DSL,54.01,1274.1,No
CUST00207,Female,1,19,Yes,Fiber optic,82.34,1746.29,No
CUST00208,Male,1,6,Yes,Fiber optic,107.63,587.37,Yes
CUST00209,Female,0,1,Yes,Fiber optic,71.87,67.81,No
CUST00210,Female,0,33,Yes,Fiber optic,20.13,705.66,No
CUST00211,Female,0,38,Yes,DSL,27.33,,No
CUST00212,Female,1,8,Yes,DSL,61.25,554.43,No
CUST00213,Male,0,1,Yes,Fiber optic,109.35,114.99,No
CUST00214,Female,0,44,Yes,DSL,83.32,3282.1,No
CUST00215,Female,0,57,Yes,No,22.29,1298.83,No
CUST00216,Female,0,58,No,DSL,20.05,1610.7,No
CUST00217,Female,0,53,No,DSL,64.23,2943.0,No
CUST00218,Male,0,60,Yes,DSL,47.57,2943.06,No
CUST00219,Male,0,4,No,DSL,67.06,296.7,No
CUST00220,Male,0,11,No,DSL,78.69,887.11,No
CUST00221,Male,1,18,No,Fiber optic,89.41,1530.47,No
CUST00222,Male,0,11,Yes,Fiber optic,68.17,821.5,No
CUST00223,Female,0,61,No,DSL,67.1,3603.33,No
CUST00224,Male,1,62,No,No,60.89,3167.53,Yes
CUST00225,Female,0,8,No,Fiber optic,97.85,702.85,Yes
CUST00226,Female,0,10,No,Fiber optic,74.14,655.55,No
CUST00227,Female,0,44,No,Fiber optic,97.88,4389.06,No
CUST00228,Male,0,8,Yes,DSL,101.56,754.84,No
CUST00229,Male,0,54,No,DSL,61.09,3440.68,No
CUST00230,Male,0,46,No,Fiber optic,47.21,2138.62,No
CUST00231,Male,0,0,No,DSL,64.22,,No
CUST00232,Male,0,19,No,No,21.52,391.57,No
CUST00233,Female,0,3,Yes,Fiber optic,68.36,,No
CUST00234,Female,0,49,Yes,DSL,45.83,2215.04,No
CUST00235,Male,0,12,No,DSL,76.32,844.09,No
CUST00236,Male,0,20,No,Fiber optic,70.07,1533.93,No
CUST00237,Female,1,15,No,Fiber optic,43.71,746.8,No
CUST00238,Male,0,1,Yes,Fiber optic,60.1,58.38,No
CUST00239,Male,0,57,No,Fiber optic,43.55,2394.05,Yes
CUST00240,Male,0,63,No,Fiber optic,39.18,2978.66,No
CUST00241,Female,1,51,Yes,Fiber optic,60.04,3091.13,Yes
CUST00242,Female,0,46,No,Fiber optic,32.01,1366.81,No
CUST00243,Male,0,44,Yes,DSL,28.05,932.52,No
CUST00244,Male,0,52,No,DSL,63.02,3773.73,No
CUST00245,Female,0,2,No,Fiber optic,84.27,168.02,Yes
CUST00246,Male,0,7,No,DSL,99.84,689.63,No
CUST00247,Male,1,10,No,No,79.37,769.95,Yes
CUST00248,Female,0,11,Yes,DSL,109.62,1247.27,No
CUST00249,Male,1,2,Yes,DSL,85.43,184.63,No
CUST00250,Female,1,33,No,DSL,94.42,,No
CUST00251,Male,0,12,Yes,Fiber optic,94.41,1162.45,No
CUST00252,Female,0,7,Yes,DSL,100.41,728.35,Yes
CUST00253,Male,0,26,Yes,Fiber optic,100.0,2469.91,Yes
CUST00254,Female,0,3,No,No,72.36,195.96,Yes
CUST00255,Female,0,9,No,Fiber optic,95.37,846.4,No
CUST00256,Male,0,29,Yes,DSL,29.67,1078.7,No
CUST00257,Female,0,8,Yes,DSL,77.28,665.51,Yes
CUST00258,Male,0,57,Yes,No,28.94,1654.59,No
CUST00259,Male,0,24,No,No,49.65,1366.52,No
CUST00260,Male,0,0,Yes,No,83.02,,Yes
CUST00261,Female,1,0,No,DSL,80.8,,No
CUST00262,Male,0,24,Yes,Fiber optic,66.33,1741.33,No
CUST00263,Female,1,6,Yes,Fiber optic,94.26,543.19,No
CUST00264,Female,0,10,Yes,DSL,60.44,527.72,No
CUST00265,Female,0,11,No,Fiber optic,81.88,798.82,No
CUST00266,Female,0,2,No,Fiber optic,91.39,178.28,No
CUST00267,Female,0,1,No,DSL,65.41,67.7,No
CUST00268,Female,1,14,No,Fiber optic,40.05,452.93,No
CUST00269,Male,0,37,No,DSL,32.39,1345.86,No
CUST00270,Female,0,60,No,No,69.62,4128.19,No
CUST00271,Male,0,28,Yes,Fiber optic,62.9,1933.72,Yes
CUST00272,Male,0,25,Yes,Fiber optic,21.18,510.75,No
CUST00273,Female,0,27,Yes,No,70.66,1732.12,No
CUST00274,Female,0,34,No,DSL,31.83,1245.48,No
CUST00275,Male,1,7,Yes,DSL,96.85,668.77,Yes
CUST00276,Female,0,1,Yes,Fiber optic,84.75,80.63,Yes
CUST00277,Female,1,9,No,Fiber optic,85.45,758.73,Yes
CUST00278,Male,0,12,Yes,Fiber optic,95.29,1032.75,No
CUST00279,Male,0,12,Yes,DSL,61.51,672.85,No
CUST00280,Female,1,11,No,DSL,86.76,888.44,Yes
CUST00281,Female,0,8,Yes,Fiber optic,64.33,467.54,No
CUST00282,Female,1,32,Yes,No,44.44,1687.29,No
CUST00283,Male,0,68,Yes,DSL,74.02,5341.38,No
CUST00284,Male,0,28,No,No,92.36,2402.4,No
CUST00285,Female,0,34,Yes,DSL,90.32,3379.55,No
CUST00286,Female,0,0,Yes,No,92.51,,No
CUST00287,Male,0,4,Yes,DSL,77.3,301.03,No
CUST00288,Male,1,5,No,Fiber optic,71.24,389.53,Yes
CUST00289,Male,0,21,No,Fiber optic,42.0,790.67,No
CUST00290,Male,0,48,No,DSL,49.51,2595.32,No
CUST00291,Female,1,2,Yes,Fiber optic,102.28,217.33,Yes
CUST00292,Female,1,67,Yes,Fiber optic,25.62,1574.72,Yes
CUST00293,Male,0,1,Yes,Fiber optic,76.12,67.55,Yes
CUST00294,Female,0,4,Yes,DSL,64.12,222.18,No
CUST00295,Male,0,5,Yes,DSL,102.92,473.25,Yes
CUST00296,Male,1,19,No,DSL,83.46,1762.88,No
CUST00297,Female,0,56,No,No,51.23,2995.63,No
CUST00298,Female,1,5,Yes,No,71.5,315.9,No
CUST00299,Male,0,5,No,Fiber optic,73.23,361.47,No
CUST00300,Female,1,11,No,DSL,106.0,1076.56,Yes
CUST00301,Female,0,20,No,Fiber optic,99.31,1978.73,No
CUST00302,Female,0,12,No,DSL,57.87,774.05,No
CUST00303,Male,0,8,No,DSL,103.91,793.91,No
CUST00304,Female,0,2,Yes,Fiber optic,62.1,123.5,No
CUST00305,Male,0,10,No,No,98.23,922.54,Yes
CUST00306,Female,0,19,Yes,No,38.77,834.27,No
CUST00307,Male,1,59,No,DSL,63.41,4287.89,No
CUST00308,Female,0,7,No,DSL,101.66,696.13,No
CUST00309,Female,1,52,No,Fiber optic,71.28,3945.99,No
CUST00310,Female,0,52,No,DSL,44.99,1910.38,No
CUST00311,Male,0,9,No,Fiber optic,81.31,689.17,No
CUST00312,Male,0,1,No,No,98.99,,Yes
CUST00313,Female,0,17,Yes,No,62.85,1215.13,No
CUST00314,Female,0,52,Yes,Fiber optic,88.66,4958.61,Yes
CUST00315,Male,0,1,Yes,Fiber optic,107.35,106.06,Yes
CUST00316,Female,0,64,Yes,No,48.08,2550.14,No
CUST00317,Female,0,8,Yes,Fiber optic,87.34,710.34,No
CUST00318,Female,0,32,No,No,33.81,1362.12,No
CUST00319,Male,0,10,Yes,Fiber optic,71.4,641.05,Yes
CUST00320,Male,0,14,No,Fiber optic,47.65,626.25,No
CUST00321,Female,0,56,No,DSL,54.6,2710.41,No
CUST00322,Female,0,1,No,DSL,102.77,111.21,No
CUST00323,Female,0,48,No,No,47.75,2651.82,No
CUST00324,Female,0,24,No,Fiber optic,67.01,1640.56,No
CUST00325,Male,1,10,Yes,DSL,62.6,666.03,Yes
CUST00326,Female,0,10,Yes,DSL,96.44,1012.04,Yes
CUST00327,Female,0,3,No,Fiber optic,71.12,190.7,Yes
CUST00328,Female,1,18,No,Fiber optic,50.89,926.09,No
CUST00329,Male,0,49,No,No,88.91,4717.05,No
CUST00330,Female,0,57,No,Fiber optic,90.48,5222.29,No
CUST00331,Female,0,10,No,DSL,92.95,889.61,Yes
CUST00332,Female,0,2,No,No,98.41,213.14,No
CUST00333,Female,0,31,No,DSL,60.86,1794.74,No
CUST00334,Female,1,61,Yes,Fiber optic,31.14,2030.95,No
CUST00335,Female,0,3,Yes,DSL,94.43,275.83,No
CUST00336,Male,0,56,No,Fiber optic,61.41,3801.01,No
CUST00337,Male,0,43,No,No,40.73,1577.81,No
CUST00338,Male,0,47,Yes,DSL,68.58,3126.1,No
CUST00339,Female,0,12,Yes,DSL,58.91,814.73,No
CUST00340,Male,1,57,No,DSL,62.3,,Yes
CUST00341,Male,0,37,No,Fiber optic,49.97,2010.37,No
CUST00342,Male,0,53,Yes,DSL,51.36,2917.08,No
CUST00343,Female,0,16,No,Fiber optic,20.5,178.92,No
CUST00344,Male,0,18,No,No,33.63,513.08,No
CUST00345,Male,0,61,Yes,Fiber optic,69.27,4281.74,Yes
CUST00346,Female,0,34,Yes,No,60.83,2341.19,No
CUST00347,Male,0,71,Yes,DSL,84.52,5367.89,No
CUST00348,Male,0,20,No,Fiber optic,90.84,1655.72,No
CUST00349,Female,0,38,No,Fiber optic,32.56,937.39,No
CUST00350,Male,1,24,Yes,DSL,66.56,1642.11,No
CUST00351,Male,0,10,No,DSL,83.16,898.52,No
CUST00352,Female,0,64,Yes,Fiber optic,68.15,4077.37,Yes
CUST00353,Female,0,6,Yes,No,81.88,548.27,No
CUST00354,Male,0,47,Yes,Fiber optic,41.31,1484.97,No
CUST00355,Female,0,44,No,DSL,50.51,1982.67,No
CUST00356,Female,0,50,Yes,No,33.14,1585.64,No
CUST00357,Male,0,14,No,DSL,42.13,713.45,No
CUST00358,Male,0,5,No,DSL,77.86,409.74,Yes
CUST00359,Female,1,6,No,No,76.66,450.73,No
CUST00360,Male,0,10,Yes,Fiber optic,94.15,859.97,No
CUST00361,Male,0,5,No,Fiber optic,104.7,510.34,No
CUST00362,Female,0,8,No,DSL,64.02,569.91,No
CUST00363,Female,0,48,Yes,Fiber optic,94.17,4177.75,Yes
CUST00364,Male,0,1,Yes,Fiber optic,94.47,91.79,Yes
CUST00365,Male,0,0,Yes,Fiber optic,86.38,,No
CUST00366,Female,0,14,No,DSL,47.97,729.45,No
CUST00367,Male,0,69,No,Fiber optic,36.46,2651.32,Yes
CUST00368,Male,0,7,Yes,DSL,87.96,623.51,No
CUST00369,Female,0,66,Yes,No,20.15,824.56,No
CUST00370,Female,0,39,No,Fiber optic,43.88,1697.57,No
CUST00371,Male,0,65,No,Fiber optic,41.07,3098.84,No
CUST00372,Male,0,45,No,Fiber optic,36.19,1475.41,Yes
CUST00373,Female,0,8,Yes,No,92.76,,No
CUST00374,Female,1,11,No,DSL,66.16,709.24,No
CUST00375,Female,1,24,No,Fiber optic,48.95,1282.09,Yes
CUST00376,Male,0,40,No,No,23.83,1347.63,No
CUST00377,Female,0,4,Yes,Fiber optic,91.64,364.63,No
CUST00378,Male,0,11,No,Fiber optic,106.66,1181.08,Yes
CUST00379,Female,0,56,Yes,DSL,29.67,,No
CUST00380,Female,0,68,No,No,90.24,6248.08,No
CUST00381,Male,0,35,No,Fiber optic,50.48,,No
CUST00382,Female,0,20,Yes,No,37.82,589.86,No
CUST00383,Male,0,24,Yes,No,91.7,,No
CUST00384,Male,0,10,No,Fiber optic,97.18,884.53,Yes
CUST00385,Male,0,37,No,DSL,32.89,920.25,No
CUST00386,Male,0,10,No,Fiber optic,84.8,878.27,Yes
CUST00387,Female,1,10,No,DSL,106.2,1053.97,No
CUST00388,Female,0,10,No,No,99.44,945.77,Yes
CUST00389,Male,0,21,No,No,74.95,1435.54,No
CUST00390,Male,0,32,No,Fiber optic,97.79,3267.79,No
CUST00391,Male,0,3,Yes,No,102.81,318.92,No
CUST00392,Female,0,8,No,DSL,61.91,420.87,No
CUST00393,Female,0,15,No,DSL,97.14,1335.51,No
CUST00394,Male,0,1,Yes,No,63.3,55.06,No
CUST00395,Male,0,10,Yes,Fiber optic,69.47,,No
CUST00396,Male,0,68,Yes,DSL,67.01,5190.23,No
CUST00397,Male,0,12,No,Fiber optic,53.9,543.92,No
CUST00398,Male,0,8,Yes,DSL,80.8,636.22,Yes
CUST00399,Male,0,61,No,DSL,29.56,1529.85,No
CUST00400,Female,0,27,Yes,No,95.63,2423.52,No
CUST00401,Male,0,8,Yes,DSL,64.24,,No
CUST00402,Male,1,8,Yes,DSL,109.76,861.06,Yes
CUST00403,Male,0,48,No,DSL,43.41,2367.68,No
CUST00404,Female,1,16,Yes,Fiber optic,52.18,748.06,Yes
CUST00405,Female,1,17,Yes,Fiber optic,62.71,983.93,Yes
CUST00406,Female,0,44,No,Fiber optic,72.86,3562.82,No
CUST00407,Female,0,39,No,No,27.93,1001.59,No
CUST00408,Male,0,70,No,DSL,87.03,6378.58,No
CUST00409,Male,0,41,No,No,20.28,708.57,No
CUST00410,Male,0,55,No,DSL,43.7,2276.0,No
CUST00411,Female,1,0,No,DSL,83.31,,No
CUST00412,Male,0,50,No,Fiber optic,92.66,4466.01,No
CUST00413,Male,0,70,Yes,Fiber optic,44.29,2863.93,Yes
CUST00414,Male,0,3,Yes,No,63.73,172.76,No
CUST00415,Male,0,7,No,DSL,90.08,571.34,Yes
CUST00416,Female,1,6,No,Fiber optic,60.55,322.88,No
CUST00417,Female,0,7,Yes,Fiber optic,97.79,751.48,Yes
CUST00418,Male,0,53,No,DSL,81.03,4093.22,No
CUST00419,Female,0,49,Yes,Fiber optic,31.54,1888.04,No
CUST00420,Female,1,52,No,DSL,55.53,3364.51,No
CUST00421,Male,0,3,No,DSL,63.83,191.54,No
CUST00422,Female,0,6,Yes,No,72.05,377.46,No
CUST00423,Male,1,42,Yes,Fiber optic,50.42,1803.64,Yes
CUST00424,Female,0,30,Yes,Fiber optic,78.77,,No
CUST00425,Male,0,15,No,DSL,82.15,1253.87,No
CUST00426,Female,0,72,No,No,60.88,4160.22,No
CUST00427,Male,1,13,Yes,DSL,86.39,1101.92,Yes
CUST00428,Female,1,70,Yes,No,84.7,6494.76,No
CUST00429,Male,0,16,Yes,No,59.84,917.3,No
CUST00430,Male,1,52,No,DSL,30.1,1197.16,Yes
CUST00431,Male,0,23,No,DSL,21.93,343.58,No
CUST00432,Male,0,30,Yes,DSL,90.29,,No
CUST00433,Male,0,26,Yes,DSL,61.67,1824.62,No
CUST00434,Male,0,41,Yes,Fiber optic,88.23,3743.82,Yes
CUST00435,Female,0,15,No,DSL,69.93,1120.35,No
CUST00436,Male,0,51,No,No,48.66,2434.52,No
CUST00437,Female,0,8,No,No,86.66,698.8,Yes
CUST00438,Male,0,14,No,DSL,87.44,1304.63,No
CUST00439,Male,0,40,No,Fiber optic,53.55,2442.98,Yes
CUST00440,Female,0,49,No,Fiber optic,33.76,,No
CUST00441,Female,0,57,Yes,DSL,70.41,3902.7,No
CUST00442,Female,0,9,No,DSL,91.21,857.08,Yes
CUST00443,Male,0,51,No,DSL,65.88,3328.67,No
CUST00444,Female,1,48,Yes,Fiber optic,85.64,4439.59,No
CUST00445,Female,0,40,Yes,Fiber optic,77.29,3063.64,No
CUST00446,Male,0,7,Yes,No,63.54,385.55,No
CUST00447,Female,0,59,No,Fiber optic,45.99,,No
CUST00448,Male,0,12,No,DSL,27.07,264.91,No
CUST00449,Female,0,66,No,DSL,53.98,4024.6,No
CUST00450,Female,0,59,Yes,Fiber optic,26.36,1117.13,No
CUST00451,Female,1,53,Yes,No,33.42,1653.22,No
CUST00452,Male,0,6,No,Fiber optic,83.65,528.91,No
CUST00453,Male,0,15,Yes,Fiber optic,29.91,373.18,No
CUST00454,Male,0,7,No,Fiber optic,103.78,706.35,Yes
CUST00455,Female,1,6,No,Fiber optic,102.11,666.87,Yes
CUST00456,Male,0,29,No,Fiber optic,46.89,1491.74,No
CUST00457,Male,0,6,Yes,DSL,88.91,571.07,No
CUST00458,Female,0,7,Yes,DSL,67.38,475.39,No
CUST00459,Male,0,29,No,DSL,22.2,915.54,No
CUST00460,Female,0,51,No,No,96.23,4795.83,No
CUST00461,Female,0,32,Yes,DSL,92.36,2810.75,No
CUST00462,Male,0,66,Yes,No,78.05,5019.33,No
CUST00463,Male,0,7,Yes,DSL,70.49,501.33,Yes
CUST00464,Female,1,51,Yes,Fiber optic,82.83,,No
CUST00465,Male,0,11,Yes,Fiber optic,99.86,1096.79,No
CUST00466,Male,0,16,Yes,Fiber optic,62.08,,Yes
CUST00467,Female,0,0,No,DSL,79.74,,Yes
CUST00468,Female,0,13,No,DSL,63.37,731.97,No
CUST00469,Male,0,39,Yes,DSL,87.05,3345.36,No
CUST00470,Female,0,63,No,Fiber optic,55.57,3360.38,No
CUST00471,Female,1,25,No,Fiber optic,71.27,1607.2,No
CUST00472,Male,0,45,Yes,DSL,92.58,4330.77,No
CUST00473,Female,1,53,Yes,Fiber optic,38.21,2011.04,No
CUST00474,Female,0,26,No,DSL,61.43,1455.92,No
CUST00475,Male,0,11,Yes,No,79.06,,No
CUST00476,Male,1,6,Yes,DSL,94.31,513.64,No
CUST00477,Female,0,57,No,Fiber optic,39.59,2390.58,No
CUST00478,Female,0,4,No,Fiber optic,95.45,358.5,Yes
CUST00479,Female,0,1,Yes,No,108.52,115.75,No
CUST00480,Male,0,13,Yes,Fiber optic,94.86,1252.99,No
CUST00481,Male,0,6,No,No,108.73,680.98,Yes
CUST00482,Male,0,65,No,DSL,96.26,6310.18,No
CUST00483,Male,0,42,No,DSL,30.68,1440.04,No
CUST00484,Male,0,3,Yes,Fiber optic,76.65,221.84,Yes
CUST00485,Male,0,11,No,DSL,84.05,1014.93,No
CUST00486,Female,0,4,Yes,DSL,76.53,338.2,Yes
CUST00487,Male,0,4,No,DSL,65.2,264.95,No
CUST00488,Female,0,7,Yes,DSL,67.75,450.92,No
CUST00489,Female,0,22,Yes,DSL,61.28,1233.85,No
CUST00490,Female,0,61,No,DSL,23.69,1449.9,No
CUST00491,Female,1,5,No,Fiber optic,66.1,302.62,No
CUST00492,Male,1,66,No,Fiber optic,77.33,5073.58,No
CUST00493,Female,0,0,No,DSL,69.16,,No
CUST00494,Male,0,38,Yes,Fiber optic,24.54,930.4,No
CUST00495,Male,0,7,Yes,DSL,71.97,541.43,Yes
CUST00496,Female,0,36,Yes,Fiber optic,93.72,3712.0,Yes
CUST00497,Female,0,14,No,DSL,87.64,1267.65,No
CUST00498,Male,0,2,No,DSL,65.49,111.46,No
CUST00499,Male,0,3,Yes,DSL,84.09,223.41,Yes
CUST00500,Male,0,70,No,Fiber optic,38.21,3094.04,No
CUST00501,Female,0,3,No,Fiber optic,70.42,202.62,No
CUST00502,Female,0,2,Yes,DSL,88.11,181.05,Yes
CUST00503,Female,0,70,No,Fiber optic,47.94,2737.21,No
CUST00504,Male,0,5,Yes,DSL,61.98,310.44,No
CUST00505,Male,0,9,No,Fiber optic,68.65,675.04,No
CUST00506,Female,1,29,Yes,Fiber optic,99.03,2930.02,No
CUST00507,Female,0,55,Yes,No,69.7,4307.52,No
CUST00508,Male,0,1,No,DSL,91.21,93.54,No
CUST00509,Male,0,1,No,Fiber optic,61.19,53.72,No
CUST00510,Female,1,65,Yes,Fiber optic,57.55,,No
CUST00511,Male,0,12,No,DSL,48.85,650.94,No
CUST00512,Female,0,2,No,Fiber optic,108.72,199.07,No
CUST00513,Female,1,4,Yes,DSL,79.51,306.81,No
CUST00514,Female,0,7,Yes,No,86.28,611.44,No
CUST00515,Female,0,9,Yes,No,106.1,955.42,No
CUST00516,Male,0,24,No,DSL,77.11,2067.57,No
CUST00517,Male,0,57,Yes,DSL,46.56,,No
CUST00518,Male,0,12,No,DSL,71.38,762.06,No
CUST00519,Female,0,24,No,Fiber optic,65.15,1775.95,No
CUST00520,Male,0,27,No,Fiber optic,41.32,916.8,No
CUST00521,Male,0,9,No,DSL,70.92,675.2,Yes
CUST00522,Male,0,0,No,No,104.23,,No
CUST00523,Female,0,60,No,No,53.92,3612.44,No
CUST00524,Female,0,2,Yes,Fiber optic,109.63,224.48,No
CUST00525,Male,0,36,No,No,24.04,673.84,No
CUST00526,Female,0,17,Yes,DSL,77.36,1244.42,No
CUST00527,Male,0,11,No,No,71.71,892.31,Yes
CUST00528,Male,0,53,No,Fiber optic,86.27,4378.72,No
CUST00529,Male,0,5,No,Fiber optic,104.75,560.84,No
CUST00530,Male,0,5,No,Fiber optic,71.14,339.18,Yes
CUST00531,Male,1,27,Yes,DSL,31.12,1094.43,No
CUST00532,Female,1,31,No,DSL,50.71,1318.38,No
CUST00533,Female,0,57,No,DSL,96.1,5578.37,No
CUST00534,Female,0,21,Yes,DSL,75.65,1475.16,No
CUST00535,Female,0,10,No,No,78.79,778.77,Yes
CUST00536,Female,0,34,Yes,DSL,58.24,1858.16,No
CUST00537,Female,0,4,No,No,88.83,327.55,No
CUST00538,Female,0,0,Yes,DSL,76.79,,Yes
CUST00539,Male,0,4,Yes,Fiber optic,76.48,281.17,No
CUST00540,Female,1,11,Yes,DSL,106.34,1088.16,Yes
CUST00541,Female,1,11,Yes,Fiber optic,70.49,878.1,Yes
CUST00542,Female,0,72,Yes,Fiber optic,88.69,6605.85,No
CUST00543,Male,0,9,No,DSL,64.93,556.09,No
CUST00544,Male,0,72,Yes,No,42.97,2699.31,No
CUST00545,Male,1,18,No,Fiber optic,90.23,1687.91,No
CUST00546,Female,0,19,Yes,DSL,21.02,402.4,No
CUST00547,Female,0,20,No,No,61.49,1069.96,No
CUST00548,Male,0,11,Yes,DSL,64.5,611.81,No
CUST00549,Female,0,53,No,Fiber optic,39.85,1796.5,No
CUST00550,Female,0,8,Yes,DSL,107.65,896.16,Yes
CUST00551,Female,0,44,Yes,No,39.56,1446.93,No
CUST00552,Female,0,4,No,DSL,92.97,342.42,Yes
CUST00553,Female,0,34,No,Fiber optic,34.93,898.3,Yes
CUST00554,Male,0,10,Yes,Fiber optic,89.92,958.56,No
CUST00555,Male,0,15,No,No,58.78,753.27,No
CUST00556,Male,0,18,No,Fiber optic,95.06,1578.81,No
CUST00557,Male,1,2,Yes,Fiber optic,100.76,214.26,Yes
CUST00558,Female,0,72,No,No,51.96,3920.1,No
CUST00559,Female,0,12,No,Fiber optic,26.62,326.89,Yes
CUST00560,Female,0,3,Yes,No,101.01,309.3,No
CUST00561,Male,0,3,Yes,No,73.8,233.1,Yes
CUST00562,Female,0,4,No,DSL,74.86,262.58,Yes
CUST00563,Male,0,27,Yes,DSL,52.59,1400.27,No
CUST00564,Female,0,3,Yes,No,65.76,187.04,No
CUST00565,Female,0,69,No,Fiber optic,55.1,4226.94,Yes
CUST00566,Male,0,65,No,DSL,39.53,2394.21,No
CUST00567,Male,1,21,No,No,62.32,1297.58,Yes
CUST00568,Male,0,24,No,No,86.68,2227.07,No
CUST00569,Female,1,57,No,Fiber optic,38.18,1767.74,Yes
CUST00570,Male,0,61,No,Fiber optic,45.0,2214.56,No
CUST00571,Male,0,21,Yes,Fiber optic,75.27,1717.3,No
CUST00572,Male,0,9,Yes,No,64.14,662.65,No
CUST00573,Male,0,25,Yes,Fiber optic,80.79,1945.74,No
CUST00574,Female,0,37,No,Fiber optic,38.76,1615.65,No
CUST00575,Female,1,36,Yes,No,58.44,2259.41,No
CUST00576,Male,0,31,No,DSL,30.11,1052.43,No
CUST00577,Female,1,4,No,DSL,70.0,306.57,No
CUST00578,Male,0,12,Yes,DSL,66.17,731.34,No
CUST00579,Female,0,4,Yes,DSL,96.91,379.4,No
CUST00580,Female,0,68,Yes,Fiber optic,92.68,5749.81,Yes
CUST00581,Male,0,19,Yes,Fiber optic,90.93,1908.94,No
CUST00582,Female,0,17,Yes,No,83.57,1440.11,No
CUST00583,Male,0,48,No,DSL,72.66,3170.75,No
CUST00584,Female,0,72,Yes,DSL,26.69,1850.88,No
CUST00585,Female,0,22,Yes,Fiber optic,49.65,1076.16,No
CUST00586,Male,0,26,Yes,DSL,90.12,2122.01,No
CUST00587,Male,0,66,No,DSL,44.44,3541.15,No
CUST00588,Female,0,9,No,DSL,107.02,998.54,Yes
CUST00589,Female,0,63,Yes,DSL,41.49,3058.47,No
CUST00590,Female,0,43,No,No,50.15,2412.43,No
CUST00591,Male,0,48,Yes,No,33.39,1564.74,No
CUST00592,Male,0,3,No,Fiber optic,85.13,241.63,No
CUST00593,Male,0,27,No,Fiber optic,36.94,1106.85,No
CUST00594,Female,0,49,Yes,Fiber optic,63.06,3477.64,No
CUST00595,Female,0,0,Yes,DSL,62.26,,No
CUST00596,Male,0,59,No,Fiber optic,78.46,5076.54,No
CUST00597,Female,1,4,No,DSL,97.81,424.38,Yes
CUST00598,Male,0,14,No,Fiber optic,38.79,,No
CUST00599,Male,0,63,No,DSL,52.17,3031.29,No
CUST00600,Male,0,7,Yes,No,62.57,394.82,No
CUST00601,Female,0,70,No,Fiber optic,48.8,3936.3,Yes
CUST00602,Male,1,40,Yes,No,73.05,2591.51,No
CUST00603,Female,0,72,No,DSL,69.74,5631.25,No
CUST00604,Female,1,54,Yes,DSL,85.91,5064.54,No
CUST00605,Male,0,68,No,DSL,36.16,2003.43,No
CUST00606,Female,1,9,No,DSL,63.21,537.11,No
CUST00607,Male,0,46,No,Fiber optic,75.77,3903.18,Yes
CUST00608,Female,0,9,No,No,98.97,854.78,Yes
CUST00609,Female,0,61,Yes,DSL,48.58,2826.65,No
CUST00610,Male,0,63,Yes,DSL,88.41,5184.12,No
CUST00611,Female,0,61,No,DSL,90.14,5183.0,No
CUST00612,Female,0,51,No,No,62.39,2926.02,No
CUST00613,Male,0,5,Yes,No,99.76,492.84,No
CUST00614,Male,0,4,No,No,84.07,334.78,No
CUST00615,Female,0,63,Yes,Fiber optic,25.71,1382.7,No
CUST00616,Male,0,13,No,DSL,21.78,247.32,No
CUST00617,Male,0,63,No,No,76.16,4350.33,No
CUST00618,Female,0,53,Yes,No,84.34,4565.13,No
CUST00619,Male,0,54,No,No,73.16,4210.87,No
CUST00620,Male,0,9,No,Fiber optic,95.7,918.77,Yes
CUST00621,Male,0,16,No,Fiber optic,82.14,1310.29,No
CUST00622,Female,0,58,No,DSL,44.9,2249.49,No
CUST00623,Male,0,52,Yes,Fiber optic,67.51,3655.74,No
CUST00624,Female,0,49,Yes,Fiber optic,83.17,3903.4,Yes
CUST00625,Male,0,63,Yes,DSL,92.56,5984.88,No
CUST00626,Male,0,8,Yes,Fiber optic,105.35,901.18,Yes
CUST00627,Female,0,61,No,No,28.81,1671.79,No
CUST00628,Male,0,8,No,Fiber optic,78.49,602.36,No
CUST00629,Male,0,13,Yes,No,94.82,1178.55,No
CUST00630,Female,0,6,No,No,82.87,502.22,No
CUST00631,Female,0,54,Yes,DSL,53.58,2745.93,No
CUST00632,Female,0,13,Yes,DSL,94.17,1144.66,No
CUST00633,Female,0,54,No,No,43.1,1899.58,No
CUST00634,Male,1,51,No,DSL,78.71,3516.83,No
CUST00635,Male,0,48,Yes,Fiber optic,37.25,2019.04,No
CUST00636,Male,1,53,Yes,No,98.1,5442.23,No
CUST00637,Female,0,1,No,Fiber optic,82.63,76.06,Yes
CUST00638,Female,0,69,No,Fiber optic,37.75,2282.1,No
CUST00639,Male,0,64,No,Fiber optic,80.08,5474.29,No
CUST00640,Male,0,8,No,Fiber optic,82.19,726.27,Yes
CUST00641,Male,1,66,Yes,Fiber optic,44.88,2952.19,No
CUST00642,Female,0,21,No,DSL,72.23,1483.32,No
CUST00643,Female,0,60,No,Fiber optic,85.03,5442.42,No
CUST00644,Male,0,2,Yes,Fiber optic,74.17,163.44,Yes
CUST00645,Female,1,12,No,Fiber optic,71.6,955.49,Yes
CUST00646,Male,0,10,No,Fiber optic,103.41,1055.15,Yes
CUST00647,Female,1,10,No,Fiber optic,89.19,815.19,No
CUST00648,Female,0,3,No,Fiber optic,101.51,279.41,Yes
CUST00649,Female,0,8,Yes,DSL,67.63,495.0,No
CUST00650,Male,0,10,Yes,Fiber optic,95.43,956.89,No
CUST00651,Male,0,67,No,DSL,80.46,5713.21,No
CUST00652,Female,0,56,Yes,No,26.27,1028.42,No
CUST00653,Male,1,50,Yes,Fiber optic,60.35,2781.48,No
CUST00654,Male,0,8,No,DSL,70.83,631.85,No
CUST00655,Female,0,7,No,DSL,67.66,446.63,No
CUST00656,Male,0,7,No,No,69.27,472.41,No
CUST00657,Female,0,3,No,DSL,85.3,,No
CUST00658,Male,0,0,Yes,Fiber optic,75.06,,Yes
CUST00659,Female,0,12,No,DSL,24.12,266.43,No
CUST00660,Male,0,60,Yes,No,61.15,,No
CUST00661,Male,0,43,Yes,DSL,40.18,2067.92,No
CUST00662,Male,0,6,No,DSL,71.93,398.57,Yes
CUST00663,Female,0,38,No,Fiber optic,78.93,3128.35,No
CUST00664,Female,0,10,Yes,No,99.98,977.81,Yes
CUST00665,Male,0,63,Yes,Fiber optic,31.56,2545.76,Yes
CUST00666,Female,1,8,No,DSL,65.32,535.31,No
CUST00667,Female,0,63,Yes,DSL,22.23,1852.51,No
CUST00668,Female,0,26,Yes,Fiber optic,64.33,1564.98,No
CUST00669,Female,0,18,No,Fiber optic,60.16,992.13,No
CUST00670,Female,1,4,Yes,DSL,65.87,263.36,No
CUST00671,Female,1,3,Yes,Fiber optic,86.33,,Yes
CUST00672,Male,0,60,No,No,56.73,2942.72,No
CUST00673,Female,0,59,No,DSL,27.58,1196.45,No
CUST00674,Male,0,58,No,Fiber optic,79.49,4707.25,Yes
CUST00675,Female,0,49,No,No,95.67,,No
CUST00676,Female,0,23,No,Fiber optic,99.89,2361.45,No
CUST00677,Male,0,19,Yes,DSL,37.1,607.2,No
CUST00678,Female,0,63,No,Fiber optic,37.26,2606.49,No
CUST00679,Male,0,56,Yes,DSL,39.93,2441.11,No
CUST00680,Female,0,2,No,DSL,103.53,190.81,Yes
CUST00681,Female,1,35,Yes,No,57.79,1820.39,No
CUST00682,Male,1,41,Yes,DSL,90.02,4033.95,No
CUST00683,Female,0,34,Yes,Fiber optic,96.68,3151.33,No
CUST00684,Male,0,34,Yes,Fiber optic,96.66,3334.09,Yes
CUST00685,Female,1,13,No,Fiber optic,55.22,677.06,Yes
CUST00686,Male,0,32,No,DSL,89.28,2861.25,No
CUST00687,Female,0,12,No,Fiber optic,63.97,677.1,No
CUST00688,Female,0,1,Yes,No,67.15,71.38,No
CUST00689,Male,0,44,Yes,Fiber optic,25.7,1000.29,No
CUST00690,Male,0,8,Yes,Fiber optic,83.73,645.2,Yes
CUST00691,Female,1,6,Yes,Fiber optic,93.86,567.62,Yes
CUST00692,Male,1,64,Yes,DSL,60.97,3592.0,No
CUST00693,Male,0,37,Yes,Fiber optic,56.22,2181.47,No
CUST00694,Male,0,22,No,DSL,87.49,2144.38,No
CUST00695,Male,0,51,Yes,Fiber optic,65.92,3766.81,No
CUST00696,Male,0,7,Yes,Fiber optic,77.09,561.9,No
CUST00697,Male,0,16,No,No,51.88,728.16,No
CUST00698,Female,1,1,Yes,DSL,63.68,58.21,No
CUST00699,Male,0,50,Yes,DSL,69.1,3682.37,No
CUST00700,Male,1,12,No,DSL,90.04,1132.12,No
CUST00701,Male,0,70,No,Fiber optic,79.26,6210.12,No
CUST00702,Female,0,65,Yes,Fiber optic,94.18,5670.98,Yes
CUST00703,Male,0,68,Yes,DSL,24.47,1670.13,No
CUST00704,Male,0,31,No,No,33.69,884.55,No
CUST00705,Female,0,28,Yes,DSL,75.61,1975.39,No
CUST00706,Male,1,38,Yes,DSL,91.09,3233.63,No
CUST00707,Female,0,7,Yes,Fiber optic,82.01,,Yes
CUST00708,Male,1,5,Yes,No,101.13,504.42,Yes
CUST00709,Male,0,26,Yes,Fiber optic,34.7,1110.45,Yes
CUST00710,Male,0,44,No,No,35.51,1127.27,No
CUST00711,Female,0,8,Yes,DSL,74.79,,No
CUST00712,Female,1,47,Yes,DSL,61.43,3318.02,No
CUST00713,Female,0,7,Yes,DSL,96.87,691.35,Yes
CUST00714,Male,0,38,Yes,Fiber optic,84.69,2895.28,No
CUST00715,Male,0,21,Yes,Fiber optic,70.65,1490.53,No
CUST00716,Male,0,40,Yes,No,21.26,1229.5,No
CUST00717,Male,0,33,No,DSL,88.16,3016.24,No
CUST00718,Female,0,12,No,Fiber optic,78.11,863.04,No
CUST00719,Male,0,2,Yes,No,71.37,160.37,Yes
CUST00720,Male,0,18,No,DSL,91.2,1531.41,No
CUST00721,Male,0,29,Yes,DSL,63.99,1666.57,No
CUST00722,Male,0,69,No,DSL,51.67,3647.8,No
CUST00723,Female,0,57,No,No,33.96,1758.1,No
CUST00724,Male,0,32,Yes,Fiber optic,59.16,1760.43,No
CUST00725,Male,0,26,No,DSL,64.39,1875.8,No
CUST00726,Female,0,43,Yes,DSL,37.54,1235.76,No
CUST00727,Female,0,49,No,Fiber optic,65.16,3255.28,No
CUST00728,Male,1,25,Yes,Fiber optic,63.81,1376.52,Yes
CUST00729,Male,0,39,Yes,DSL,88.7,3218.53,No
CUST00730,Male,1,3,No,DSL,72.04,233.05,No
CUST00731,Female,0,43,No,Fiber optic,41.56,1840.21,Yes
CUST00732,Female,0,6,Yes,DSL,98.48,567.72,No
CUST00733,Male,0,34,No,No,88.27,3200.76,No
CUST00734,Male,0,34,No,DSL,26.18,938.99,No
CUST00735,Female,0,12,No,Fiber optic,30.93,348.23,No
CUST00736,Male,1,4,Yes,Fiber optic,62.08,232.16,No
CUST00737,Female,0,40,No,No,78.85,3222.33,No
CUST00738,Female,0,8,Yes,DSL,105.12,849.16,No
CUST00739,Female,0,11,Yes,Fiber optic,62.94,655.95,No
CUST00740,Male,1,12,Yes,DSL,96.07,1217.16,Yes
CUST00741,Female,1,48,Yes,Fiber optic,79.84,3574.16,No
CUST00742,Male,0,70,Yes,Fiber optic,32.35,2390.55,Yes
CUST00743,Female,0,8,Yes,Fiber optic,90.39,688.31,No
CUST00744,Female,0,33,Yes,No,53.49,2001.99,No
CUST00745,Male,1,69,Yes,No,99.78,6289.09,Yes
CUST00746,Female,0,41,Yes,DSL,22.14,649.09,No
CUST00747,Male,0,51,Yes,Fiber optic,73.21,3940.82,Yes
CUST00748,Female,1,51,No,DSL,66.57,2892.47,No
CUST00749,Female,0,3,No,DSL,91.26,258.4,Yes
CUST00750,Male,0,12,Yes,DSL,46.6,584.43,No
CUST00751,Male,0,36,No,Fiber optic,83.52,2883.73,No
CUST00752,Female,0,4,Yes,Fiber optic,82.74,303.17,Yes
CUST00753,Male,0,62,Yes,Fiber optic,82.81,5466.39,No
CUST00754,Male,0,41,Yes,No,61.49,2204.39,No
CUST00755,Female,0,12,Yes,DSL,89.94,1061.46,No
CUST00756,Female,1,65,Yes,No,21.95,1860.69,No
CUST00757,Female,0,68,No,DSL,27.16,2220.83,No
CUST00758,Female,0,58,Yes,Fiber optic,70.85,4258.93,Yes
CUST00759,Male,1,7,Yes,Fiber optic,61.57,396.79,No
CUST00760,Female,0,44,Yes,DSL,63.68,2973.7,No
CUST00761,Male,0,67,Yes,DSL,36.67,2423.05,No
CUST00762,Female,0,10,No,Fiber optic,64.27,736.86,No
CUST00763,Male,0,9,Yes,No,89.82,759.68,Yes
CUST00764,Male,0,7,No,Fiber optic,104.59,714.71,Yes
CUST00765,Male,0,49,No,DSL,58.9,3288.75,No
CUST00766,Female,0,10,No,No,93.22,855.51,Yes
CUST00767,Female,0,59,No,DSL,48.02,2372.56,No
CUST00768,Male,0,3,No,Fiber optic,109.93,341.63,No
CUST00769,Female,0,17,Yes,DSL,69.83,1232.27,No
CUST00770,Female,1,43,No,Fiber optic,64.69,2803.24,No
CUST00771,Female,0,68,No,DSL,76.52,4808.99,No
CUST00772,Female,0,47,Yes,DSL,57.79,2693.44,No
CUST00773,Male,0,0,No,Fiber optic,78.79,,Yes
CUST00774,Male,1,6,Yes,DSL,100.24,571.53,No
CUST00775,Female,0,2,Yes,No,92.78,165.94,Yes
CUST00776,Female,0,44,No,DSL,41.7,1907.78,No
CUST00777,Female,0,3,Yes,DSL,109.06,332.79,No
CUST00778,Male,0,10,Yes,DSL,68.35,720.65,No
CUST00779,Female,0,34,No,Fiber optic,51.61,1485.45,Yes
CUST00780,Female,1,33,Yes,Fiber optic,39.76,1123.69,Yes
CUST00781,Male,1,64,Yes,DSL,24.98,1837.76,Yes
CUST00782,Male,0,11,No,Fiber optic,72.43,865.88,No
CUST00783,Male,0,0,No,Fiber optic,104.53,,No
CUST00784,Male,1,69,No,No,84.88,6451.56,No
CUST00785,Male,1,67,Yes,DSL,91.52,5462.57,No
CUST00786,Female,0,19,No,No,22.48,258.42,No
CUST00787,Female,0,45,Yes,DSL,46.52,,No
CUST00788,Male,1,4,Yes,DSL,86.88,350.02,No
CUST00789,Female,0,3,No,Fiber optic,68.52,222.61,Yes
CUST00790,Male,0,53,No,Fiber optic,50.66,2506.27,No
CUST00791,Male,0,9,No,Fiber optic,98.11,964.37,Yes
CUST00792,Male,0,11,Yes,DSL,66.05,830.84,No
CUST00793,Male,0,38,No,Fiber optic,49.03,1554.43,No
CUST00794,Female,0,2,No,No,106.4,210.44,Yes
CUST00795,Female,0,6,No,No,68.14,419.51,No
CUST00796,Female,0,67,No,No,56.67,3344.93,No
CUST00797,Male,0,9,No,DSL,105.23,925.71,No
CUST00798,Male,0,54,No,Fiber optic,24.46,1096.16,No
CUST00799,Female,1,53,Yes,Fiber optic,32.53,1705.7,Yes
CUST00800,Female,0,59,No,Fiber optic,34.34,2349.02,No
CUST00801,Female,0,72,No,DSL,45.39,3159.39,No
CUST00802,Female,0,8,Yes,No,101.16,729.36,No
CUST00803,Female,0,60,Yes,DSL,21.52,907.78,No
CUST00804,Female,1,27,No,No,61.67,1729.78,Yes
CUST00805,Female,0,12,No,DSL,84.19,1014.77,No
CUST00806,Female,0,21,No,Fiber optic,31.77,478.22,No
CUST00807,Female,0,8,No,DSL,103.64,887.59,No
CUST00808,Male,1,43,Yes,DSL,42.52,1569.26,Yes
CUST00809,Male,0,52,Yes,No,81.2,3816.59,No
CUST00810,Female,0,46,No,No,21.53,1116.2,No
CUST00811,Female,0,1,Yes,DSL,83.38,79.02,No
CUST00812,Female,1,58,Yes,DSL,30.76,1784.41,Yes
CUST00813,Male,1,72,Yes,Fiber optic,36.85,2540.48,No
CUST00814,Female,1,17,Yes,DSL,58.69,1082.48,No
CUST00815,Male,1,12,Yes,No,31.2,426.23,Yes
CUST00816,Male,0,44,Yes,DSL,46.47,2142.41,No
CUST00817,Female,0,25,Yes,DSL,74.77,1698.47,No
CUST00818,Male,0,56,Yes,Fiber optic,83.53,4651.45,No
CUST00819,Male,0,10,Yes,No,62.3,670.18,No
CUST00820,Male,0,47,No,No,68.02,3618.62,No
CUST00821,Female,0,7,No,No,94.94,707.83,Yes
CUST00822,Male,0,24,No,DSL,89.76,2359.5,No
CUST00823,Male,0,34,No,Fiber optic,70.97,2516.65,Yes
CUST00824,Male,0,7,No,Fiber optic,85.2,596.07,Yes
CUST00825,Female,0,50,Yes,No,75.5,3608.92,No
CUST00826,Male,0,33,Yes,DSL,44.21,1400.82,No
CUST00827,Female,0,39,Yes,Fiber optic,86.25,3571.52,No
CUST00828,Female,0,18,No,No,58.8,984.02,No
CUST00829,Female,1,7,Yes,DSL,107.25,785.31,No
CUST00830,Male,0,43,No,No,90.42,,No
CUST00831,Female,0,45,Yes,Fiber optic,45.76,1823.35,Yes
CUST00832,Female,0,57,Yes,No,30.64,1531.33,No
CUST00833,Female,0,30,Yes,DSL,69.77,2243.29,No
CUST00834,Female,1,19,No,No,29.85,689.96,Yes
CUST00835,Male,1,28,Yes,DSL,28.23,533.05,No
CUST00836,Male,0,29,No,Fiber optic,35.74,861.91,No
CUST00837,Male,0,7,No,No,89.1,581.07,Yes
CUST00838,Male,0,51,No,Fiber optic,29.65,,No
CUST00839,Female,0,65,No,DSL,30.63,1407.87,No
CUST00840,Female,0,12,No,Fiber optic,26.11,399.26,No
CUST00841,Male,0,7,Yes,DSL,60.81,376.7,No
CUST00842,Female,1,7,No,DSL,89.44,584.58,Yes
CUST00843,Male,0,14,No,DSL,51.39,674.15,No
CUST00844,Female,0,0,Yes,Fiber optic,71.92,,No
CUST00845,Female,0,4,Yes,Fiber optic,87.48,363.49,Yes
CUST00846,Male,0,24,No,Fiber optic,42.84,990.82,No
CUST00847,Male,0,5,No,Fiber optic,81.84,439.17,Yes
CUST00848,Female,1,56,No,No,20.62,1632.61,No
CUST00849,Female,0,54,No,DSL,70.96,3717.27,No
CUST00850,Female,1,14,Yes,Fiber optic,35.09,,No
CUST00851,Female,0,40,No,No,70.42,3106.78,No
CUST00852,Male,0,1,No,No,72.36,75.06,Yes
CUST00853,Male,0,46,No,DSL,29.06,,No
CUST00854,Female,0,2,No,DSL,107.08,231.48,Yes
CUST00855,Male,0,2,No,No,78.2,138.2,Yes
CUST00856,Female,0,41,Yes,DSL,55.0,,No
CUST00857,Female,0,8,No,DSL,92.52,695.42,No
CUST00858,Female,0,6,No,No,78.51,429.33,Yes
CUST00859,Male,0,3,Yes,No,88.41,273.93,No
CUST00860,Female,0,53,No,DSL,48.65,2719.25,No
CUST00861,Male,0,43,Yes,No,39.77,2041.24,No
CUST00862,Female,0,18,Yes,No,24.35,413.45,No
CUST00863,Female,0,36,Yes,Fiber optic,58.46,2219.84,No
CUST00864,Female,0,10,No,Fiber optic,70.42,614.64,Yes
CUST00865,Female,1,4,No,DSL,91.3,357.2,No
CUST00866,Female,0,14,Yes,No,59.8,698.5,No
CUST00867,Female,1,0,Yes,Fiber optic,87.59,,No
CUST00868,Female,0,12,Yes,No,91.69,1030.44,No
CUST00869,Male,0,71,Yes,Fiber optic,74.01,5564.96,No
CUST00870,Female,0,27,Yes,Fiber optic,81.85,2460.06,No
CUST00871,Female,0,23,Yes,Fiber optic,71.13,1515.61,No
CUST00872,Male,0,44,Yes,DSL,36.85,1707.69,No
CUST00873,Female,1,16,No,DSL,89.06,1327.14,No
CUST00874,Male,0,49,Yes,Fiber optic,76.57,3263.98,No
CUST00875,Male,0,6,No,DSL,97.53,549.01,Yes
CUST00876,Male,0,11,No,Fiber optic,103.06,1129.7,No
CUST00877,Female,0,58,No,Fiber optic,99.77,5914.4,Yes
CUST00878,Female,0,2,Yes,Fiber optic,73.97,157.28,Yes
CUST00879,Male,0,25,No,Fiber optic,98.17,2627.32,Yes
CUST00880,Male,1,26,No,Fiber optic,34.96,884.19,Yes
CUST00881,Male,0,8,No,Fiber optic,96.65,693.23,Yes
CUST00882,Male,0,67,Yes,DSL,21.35,1966.35,No
CUST00883,Female,0,43,No,No,48.92,2315.67,No
CUST00884,Female,0,5,Yes,DSL,106.4,501.83,No
CUST00885,Female,1,63,No,No,51.69,2873.4,No
CUST00886,Male,0,66,Yes,No,97.13,6056.11,No
CUST00887,Female,0,19,Yes,Fiber optic,84.44,1483.45,No
CUST00888,Male,1,26,Yes,DSL,82.92,2083.58,No
CUST00889,Female,0,24,Yes,DSL,60.07,1369.55,No
CUST00890,Female,0,1,No,DSL,109.53,109.33,No
CUST00891,Male,0,0,No,DSL,77.67,,Yes
CUST00892,Female,0,2,No,No,95.21,177.86,No
CUST00893,Male,0,67,Yes,Fiber optic,48.91,3173.74,Yes
CUST00894,Female,0,5,Yes,Fiber optic,76.97,415.68,Yes
CUST00895,Female,0,6,Yes,DSL,106.23,606.05,No
CUST00896,Female,0,45,No,No,55.49,2643.83,No
CUST00897,Female,0,32,No,Fiber optic,29.68,1114.46,No
CUST00898,Male,1,36,Yes,No,92.38,3224.28,No
CUST00899,Female,1,11,No,DSL,60.06,762.93,No
CUST00900,Female,0,12,Yes,No,22.75,381.85,No
CUST00901,Female,0,2,No,No,67.4,122.38,No
CUST00902,Female,0,6,No,DSL,101.41,561.11,No
CUST00903,Male,0,17,No,No,81.59,1342.44,No
CUST00904,Female,0,1,No,Fiber optic,78.73,73.2,Yes
CUST00905,Female,1,20,No,DSL,83.21,1845.51,No
CUST00906,Male,1,0,Yes,Fiber optic,92.53,,No
CUST00907,Female,0,45,Yes,DSL,95.97,4595.01,No
CUST00908,Male,0,10,No,Fiber optic,77.19,707.92,Yes
CUST00909,Female,0,65,No,DSL,29.51,2505.11,No
CUST00910,Female,0,45,No,Fiber optic,81.1,3667.99,No
CUST00911,Male,0,66,No,DSL,53.57,3767.95,No
CUST00912,Male,0,18,Yes,DSL,61.71,1196.92,No
CUST00913,Female,0,1,Yes,No,81.54,81.71,Yes
CUST00914,Female,1,7,Yes,No,90.27,,No
CUST00915,Female,1,12,Yes,No,48.54,626.36,No
CUST00916,Male,0,17,No,DSL,54.89,1073.43,No
CUST00917,Male,0,16,Yes,Fiber optic,83.2,1242.4,Yes
CUST00918,Female,1,61,No,DSL,65.16,3642.8,No
CUST00919,Male,0,2,No,Fiber optic,94.54,181.66,Yes
CUST00920,Male,0,67,Yes,No,34.5,,No
CUST00921,Male,0,3,Yes,DSL,84.44,235.96,Yes
CUST00922,Male,0,15,Yes,No,55.22,806.88,No
CUST00923,Female,0,9,Yes,Fiber optic,72.28,658.11,Yes
CUST00924,Male,0,41,No,DSL,65.15,2664.99,No
CUST00925,Male,0,64,No,No,20.04,1456.9,No
CUST00926,Female,1,63,No,Fiber optic,68.21,4069.61,Yes
CUST00927,Male,0,7,Yes,Fiber optic,89.12,647.35,Yes
CUST00928,Male,0,8,No,No,69.86,532.22,No
CUST00929,Male,0,32,No,No,41.22,1101.03,No
CUST00930,Male,0,56,No,DSL,79.37,4080.38,No
CUST00931,Male,0,51,Yes,DSL,41.19,,No
CUST00932,Female,0,49,No,DSL,95.4,5152.89,No
CUST00933,Male,0,30,Yes,Fiber optic,84.57,2820.01,No
CUST00934,Female,0,12,No,DSL,39.78,,No
CUST00935,Female,0,21,No,No,25.38,358.79,No
CUST00936,Male,1,11,Yes,No,64.99,666.73,Yes
CUST00937,Male,0,24,No,No,38.47,1007.2,No
CUST00938,Female,1,49,No,Fiber optic,23.06,1056.26,No
CUST00939,Male,0,2,Yes,DSL,66.78,145.19,No
CUST00940,Female,0,60,No,DSL,66.09,3920.79,No
CUST00941,Female,0,18,Yes,DSL,54.92,,No
CUST00942,Male,0,38,No,Fiber optic,90.7,3701.47,No
CUST00943,Male,0,72,Yes,Fiber optic,45.08,3844.8,No
CUST00944,Female,1,8,No,Fiber optic,75.92,590.72,Yes
CUST00945,Female,0,71,No,No,31.65,1818.82,No
CUST00946,Female,0,1,No,DSL,89.47,96.83,Yes
CUST00947,Female,0,37,Yes,Fiber optic,30.62,1304.72,No
CUST00948,Male,1,3,Yes,DSL,103.05,329.18,Yes
CUST00949,Male,0,58,No,Fiber optic,97.57,5636.26,No
CUST00950,Female,0,55,No,No,86.96,4844.28,No
CUST00951,Female,1,55,Yes,No,65.84,4004.97,No
CUST00952,Female,0,45,No,DSL,63.73,2448.98,No
CUST00953,Female,0,33,No,Fiber optic,68.84,2318.91,No
CUST00954,Female,0,12,No,DSL,48.91,523.32,No
CUST00955,Male,0,10,No,DSL,85.49,950.06,Yes
CUST00956,Male,0,38,Yes,Fiber optic,51.57,2325.34,Yes
CUST00957,Male,0,66,Yes,DSL,87.35,5899.46,No
CUST00958,Male,0,36,Yes,DSL,74.4,2932.34,No
CUST00959,Male,0,12,No,DSL,55.58,740.8,No
CUST00960,Female,0,12,Yes,Fiber optic,87.01,988.25,Yes
CUST00961,Male,1,15,Yes,DSL,92.76,1243.9,Yes
CUST00962,Female,0,31,Yes,No,46.26,,No
CUST00963,Male,0,36,Yes,DSL,62.02,2449.85,No
CUST00964,Male,0,8,Yes,Fiber optic,72.39,570.62,Yes
CUST00965,Male,0,9,Yes,Fiber optic,70.59,583.19,No
CUST00966,Female,0,2,Yes,Fiber optic,76.94,158.08,Yes
CUST00967,Male,0,4,No,DSL,105.74,403.29,Yes
CUST00968,Male,0,10,No,Fiber optic,102.76,,Yes
CUST00969,Male,0,4,No,Fiber optic,78.67,323.11,No
CUST00970,Male,0,10,Yes,Fiber optic,70.01,600.19,No
CUST00971,Male,0,6,No,DSL,77.43,414.15,No
CUST00972,Male,0,61,No,DSL,41.88,3105.42,No
CUST00973,Female,0,12,Yes,DSL,60.41,632.98,No
CUST00974,Male,0,0,Yes,DSL,95.46,,No
CUST00975,Female,0,39,Yes,No,85.55,3379.67,No
CUST00976,Male,0,35,No,Fiber optic,39.33,1596.87,No
CUST00977,Female,0,30,No,Fiber optic,68.68,1793.17,No
CUST00978,Female,0,11,No,DSL,76.93,891.65,No
CUST00979,Female,0,11,No,No,94.61,935.79,No
CUST00980,Male,0,49,No,No,42.11,1837.59,No
CUST00981,Female,0,42,No,No,70.55,3259.84,No
CUST00982,Male,0,11,Yes,DSL,100.1,1170.0,No
CUST00983,Male,0,50,No,DSL,46.49,2234.94,No
CUST00984,Female,0,70,No,No,69.49,4292.43,No
CUST00985,Female,1,43,No,DSL,89.65,4020.48,Yes
CUST00986,Female,0,34,No,No,59.76,2283.57,No
CUST00987,Female,0,41,Yes,DSL,45.29,1756.3,No
CUST00988,Female,1,59,Yes,DSL,85.58,5209.36,No
CUST00989,Male,1,2,Yes,No,79.85,162.51,Yes
CUST00990,Female,0,32,Yes,Fiber optic,29.31,1233.41,No
CUST00991,Female,0,4,Yes,DSL,68.02,272.84,No
CUST00992,Female,0,7,No,Fiber optic,88.28,682.37,No
CUST00993,Female,0,8,No,No,95.08,698.11,Yes
CUST00994,Male,0,70,No,DSL,64.2,4579.42,No
CUST00995,Female,1,53,No,Fiber optic,42.84,2498.88,No
CUST00996,Male,0,27,No,DSL,51.87,1214.17,No
CUST00997,Male,1,58,Yes,DSL,32.49,1701.94,Yes
CUST00998,Female,0,8,No,No,99.67,719.96,Yes
CUST00999,Male,0,17,Yes,Fiber optic,98.83,1597.1,No
CUST01000,Female,1,46,Yes,DSL,62.01,2923.04,No
